{"cameraMode":{"drawMode":0,"name":"Shaded","section":"Shading Mode"},"sceneLighting":true,"audioPlay":false,"sceneViewState":{"showFog":true,"showMaterialUpdate":false,"showSkybox":true,"showFlares":true,"showImageEffects":true,"showParticleSystems":true,"showVisualEffectGraphs":true,"m_FxEnabled":true},"in2DMode":false,"pivot":{"x":17.474777221679689,"y":-0.5237817168235779,"z":7.3594560623168949},"rotation":{"x":0.06716109067201615,"y":0.36951538920402529,"z":-0.02663305401802063,"w":0.9264684319496155},"size":10.788239479064942,"orthographic":false}